taxa,accuracy,sample_size
Abrocoma bennettii,0.9342105263,152
Abrocoma cinerea,0.8709677419,62
Abrothrix andinus,0.9431818182,440
Abrothrix jelskii,0.9258160237,674
Abrothrix lanosus,0.93,100
Abrothrix longipilis,0.9063193439,10365
Abrothrix manni,0.9176470588,170
Abrothrix olivaceus,0.8823529412,11339
Abrothrix sanborni,0.8899082569,109
Acomys cahirinus,0.955,2200
Acomys cineraceus,0.9630314233,541
Acomys dimidiatus,0.9207920792,101
Acomys ignitus,0.9125,80
Acomys johannis,0.9038461538,52
Acomys kempi,0.8846153846,52
Acomys percivali,0.859375,64
Acomys russatus,0.8962962963,135
Acomys spinosissimus,0.9182795699,930
Acomys subspinosus,0.9166666667,96
Acomys wilsoni,0.9212328767,292
Aconaemys fuscus,0.8947368421,38
Aconaemys porteri,0.9642857143,28
Aconaemys sagei,0.9696969697,66
Aegialomys xanthaeolus,0.9396551724,348
Aepeomys lugens,0.94,50
Aethomys bocagei,0.8815789474,76
Aethomys chrysophilus,0.9100486224,2468
Aethomys hindei,0.9140271493,442
Aethomys ineptus,0.9230769231,26
Aethomys kaiseri,0.9565587734,1174
Aethomys nyikae,0.8805031447,159
Akodon aerosus,0.96,1425
Akodon albiventer,0.9300411523,972
Akodon azarae,0.9552393656,6747
Akodon boliviensis,0.9519230769,1352
Akodon budini,0.9310344828,58
Akodon cursor,0.9294274301,751
Akodon dayi,0.9377289377,273
Akodon dolores,0.9664082687,387
Akodon fumeus,0.9324324324,296
Akodon iniscatus,0.9573459716,211
Akodon juninensis,0.9230769231,52
Akodon kofordi,0.9625,80
Akodon lutescens,0.9533932952,1223
Akodon mimus,0.9786324786,702
Akodon molinae,0.9152542373,59
Akodon mollis,0.9405286344,908
Akodon montensis,0.9517133956,642
Akodon orophilus,0.9246987952,332
Akodon paranaensis,1,24
Akodon siberiae,0.95,60
Akodon simulator,0.9481268012,1388
Akodon spegazzinii,0.8571428571,105
Akodon subfuscus,0.9542619543,962
Akodon surdus,0.9705882353,34
Akodon toba,0.9584664537,313
Akodon torques,0.9755434783,736
Akodon varius,0.939516129,496
Allactaga balikunica,0.9745762712,118
Allactaga bullata,0.9534883721,172
Allactaga elater,0.9213973799,229
Allactaga euphratica,0.9384615385,130
Allactaga hotsoni,0.9285714286,42
Allactaga sibirica,0.9220779221,385
Allactaga tetradactyla,0.9338842975,121
Allocricetulus curtatus,0.9722222222,36
Alticola argentatus,0.7777777778,45
Alticola barakshin,0.9761499148,587
Alticola lemminus,0.9659863946,147
Alticola roylei,0.9318181818,44
Alticola semicanus,0.9242424242,132
Alticola stoliczkanus,0.875,24
Alticola strelzowi,0.9659574468,235
Alticola tuvinicus,0.9166666667,36
Ammospermophilus harrisii,0.9001663894,1803
Ammospermophilus interpres,0.9247135843,611
Ammospermophilus leucurus,0.8396491228,8550
Ammospermophilus nelsoni,0.9806678383,569
Andalgalomys olrogi,0.9166666667,24
Andalgalomys pearsoni,0.8867924528,53
Andinomys edax,0.8823529412,136
Anomalurus beecrofti,0.8977272727,176
Anomalurus derbianus,0.8926315789,475
Anomalurus pelii,0.9896907216,291
Anomalurus pusillus,0.8679245283,106
Aplodontia rufa,0.8939203354,2385
Apodemus agrarius,0.8903834571,4981
Apodemus alpicola,0.9827160494,405
Apodemus argenteus,0.9329608939,358
Apodemus chevrieri,0.9770833333,480
Apodemus draco,0.9727272727,1430
Apodemus flavicollis,0.9385785536,40100
Apodemus hyrcanicus,0.9807692308,52
Apodemus latronum,0.9210526316,76
Apodemus mystacinus,0.9862825789,729
Apodemus pallipes,0.9269662921,356
Apodemus peninsulae,0.9383954155,698
Apodemus semotus,0.995308835,1279
Apodemus speciosus,0.9510268562,633
Apodemus sylvaticus,0.9145745768,44015
Apodemus uralensis,0.9520255864,938
Apodemus witherbyi,0.9756944444,288
Apomys abrae,0.9676549865,371
Apomys aurorae,0.9698492462,199
Apomys datae,0.9980888677,2093
Apomys hylocetes,0.9772727273,176
Apomys insignis,0.9818181818,440
Apomys littoralis,0.9568965517,116
Apomys microdon,0.9840425532,376
Apomys minganensis,1,180
Apomys musculus,0.98820059,339
Apomys sacobianus,0.9974226804,388
Apomys sierrae,0.9895437262,1052
Apomys zambalensis,0.9958333333,480
Arborimus albipes,0.940874036,389
Arborimus longicaudus,0.9445843829,397
Arborimus pomo,0.9586288416,846
Arvicanthis abyssinicus,0.9639293937,1303
Arvicanthis ansorgei,0.8913043478,46
Arvicanthis nairobae,0.9253731343,67
Arvicanthis neumanni,0.9117647059,68
Arvicanthis niloticus,0.8968253968,6048
Arvicanthis rufinus,0.9398907104,183
Arvicola scherman,0.9826495865,6167
Atherurus africanus,0.9509632224,571
Atherurus macrourus,0.8518518519,54
Atlantoxerus getulus,0.9520295203,271
Auliscomys boliviensis,0.9239130435,276
Auliscomys pictus,0.9585062241,964
Auliscomys sublimis,0.9442724458,323
Baiomys musculus,0.94009299,5592
Baiomys taylori,0.8619052757,9269
Bandicota bengalensis,0.9595959596,198
Bandicota indica,0.9625550661,454
Bandicota savilei,0.9857142857,70
Bathyergus suillus,0.8028169014,71
Batomys granti,0.9615384615,52
Batomys salomonseni,0.980952381,210
Beamys hindei,0.9611111111,180
Berylmys bowersi,0.9056603774,106
Berylmys mackenziei,0.9777777778,90
Berylmys manipulus,0.9666666667,30
Blanfordimys afghanus,0.9756097561,82
Blarinomys breviceps,0.976744186,43
Brachytarsomys albicauda,0.9375,32
Brachyuromys betsileoensis,0.9431818182,88
Brucepattersonius soricinus,0.9642857143,28
Bullimus bagobus,0.9956521739,230
Bullimus luzonicus,0.9782608696,552
Bunomys andrewsi,0.9925373134,134
Bunomys chrysocomus,0.9674796748,123
Bunomys fratrorum,0.9861111111,72
Bunomys penitus,0.98,100
Callosciurus erythraeus,0.9448818898,762
Callosciurus finlaysonii,0.9226519337,362
Callosciurus inornatus,0.9440559441,143
Callosciurus nigrovittatus,0.9678362573,342
Callosciurus notatus,0.9470655926,869
Callosciurus orestes,0.9512195122,123
Callosciurus prevostii,0.9641350211,474
Callosciurus pygerythrus,0.9642857143,224
Callospermophilus lateralis,0.8300648721,13411
Callospermophilus madrensis,0.978021978,182
Callospermophilus saturatus,0.9150943396,106
Calomys boliviae,0.9637462236,331
Calomys callosus,0.9291784703,5648
Calomys hummelincki,0.8928571429,56
Calomys laucha,0.9654510557,5210
Calomys musculinus,0.9364381957,3414
Calomys sorellus,0.9005524862,362
Calomys tener,0.9202453988,163
Calomyscus bailwardi,0.980952381,210
Calomyscus baluchi,0.9850746269,268
Calomyscus mystax,0.9032258065,62
Cannomys badius,0.9259259259,108
Capromys pilorides,0.9660194175,206
Cardiocranius paradoxus,0.94,50
Carpomys melanurus,0.8823529412,34
Caryomys eva,0.9498007968,1255
Cavia aperea,0.9073634204,421
Cavia fulgida,0.7857142857,28
Cavia tschudii,0.8863636364,132
Cerradomys maracajuensis,0.9738903394,383
Cerradomys subflavus,0.9090909091,242
Chaetodipus arenarius,0.9357052556,5537
Chaetodipus artus,0.9535783366,1551
Chaetodipus baileyi,0.8878513146,11030
Chaetodipus californicus,0.9090712275,4619
Chaetodipus eremicus,0.919346858,4042
Chaetodipus fallax,0.8992942972,5243
Chaetodipus formosus,0.8850673854,9275
Chaetodipus goldmani,0.956554878,2624
Chaetodipus hispidus,0.8862082312,7751
Chaetodipus intermedius,0.8626107977,9928
Chaetodipus lineatus,0.9444444444,108
Chaetodipus nelsoni,0.9180716177,7177
Chaetodipus penicillatus,0.8347977775,15478
Chaetodipus pernix,0.9414032382,2594
Chaetodipus rudinoris,0.9704142012,338
Chaetodipus spinatus,0.897679468,7369
Chelemys macronyx,0.9546599496,794
Chilomys instans,0.8870967742,124
Chinchilla lanigera,0.890625,64
Chinchillula sahamae,0.876344086,186
Chionomys nivalis,0.9513444302,781
Chiropodomys calamianensis,0.9117647059,34
Chiropodomys gliroides,0.9581395349,215
Chrotomys mindorensis,0.9776674938,403
Chrotomys silaceus,0.9798994975,199
Chrotomys whiteheadi,0.9596367306,991
Coccymys shawmayeri,0.9833333333,60
Coendou bicolor,0.875,48
Coendou prehensilis,0.820754717,106
Conilurus penicillatus,0.8950819672,305
Cratogeomys castanops,0.8823781009,4676
Cratogeomys fulvescens,0.9722222222,72
Cratogeomys fumosus,0.9587242026,1066
Cratogeomys goldmani,0.9708939709,962
Cratogeomys merriami,0.9676071055,957
Cratogeomys perotensis,0.9493243243,296
Cratogeomys planiceps,0.9659090909,88
Cricetomys ansorgei,0.9343971631,564
Cricetomys emini,0.9367859863,1313
Cricetomys gambianus,0.8861502347,852
Cricetulus barabensis,0.9154929577,284
Cricetulus longicaudatus,0.9509594883,469
Cricetulus migratorius,0.9315300085,1183
Cricetus cricetus,0.9341825902,471
Crunomys melanius,0.8709677419,31
Cryptomys hottentotus,0.9124748491,994
Ctenodactylus gundi,0.9920634921,126
Ctenomys boliviensis,0.9825200291,1373
Ctenomys bonettoi,0.9887640449,89
Ctenomys colburni,0.9545454545,66
Ctenomys conoveri,0.84375,32
Ctenomys coyhaiquensis,1,88
Ctenomys dorbignyi,0.9888888889,180
Ctenomys dorsalis,0.9411764706,34
Ctenomys frater,0.9518072289,83
Ctenomys fulvus,0.9736842105,38
Ctenomys haigi,0.952,500
Ctenomys leucodon,0.9615384615,52
Ctenomys lewisi,0.9769230769,130
Ctenomys magellanicus,0.8846153846,52
Ctenomys maulinus,0.9432989691,194
Ctenomys mendocinus,0.9132231405,242
Ctenomys opimus,0.9694835681,426
Ctenomys perrensi,0.9342105263,76
Ctenomys peruanus,0.9130434783,46
Ctenomys rionegrensis,0.880952381,42
Ctenomys sociabilis,0.992481203,399
Ctenomys steinbachi,0.9625,160
Ctenomys talarum,0.9847328244,131
Ctenomys torquatus,0.875,24
Ctenomys yolandae,0.9823788546,227
Cuniculus paca,0.8966872544,1781
Cuniculus taczanowskii,0.9017857143,112
Cynomys gunnisoni,0.8841679312,1977
Cynomys leucurus,0.9049662784,1631
Cynomys ludovicianus,0.8968811464,3559
Cynomys mexicanus,0.9696202532,395
Cynomys parvidens,0.9748743719,199
Dacnomys millardi,0.9090909091,22
Dactylomys boliviensis,0.988372093,86
Dactylomys dactylinus,0.9112903226,124
Dasymys foxi,0.9646017699,113
Dasymys incomtus,0.8876684973,2003
Dasymys nudipes,0.8846153846,26
Dasymys rufulus,0.9581673307,1506
Dasyprocta azarae,0.88,25
Dasyprocta fuliginosa,0.9145907473,281
Dasyprocta kalinowskii,0.9545454545,22
Dasyprocta leporina,0.919047619,210
Dasyprocta mexicana,0.9295774648,213
Dasyprocta punctata,0.9110512129,1113
Delanymys brooksi,0.921875,64
Delomys dorsalis,0.9484978541,233
Delomys sublineatus,0.9433962264,106
Dendromus insignis,0.9264705882,544
Dendromus lovati,0.9787234043,47
Dendromus melanotis,0.9239130435,552
Dendromus mesomelas,0.9366852886,537
Dendromus messorius,0.9,120
Dendromus mystacalis,0.9161764706,680
Dendromus nyikae,0.9047619048,168
Desmodilliscus braueri,0.9953703704,648
Desmodillus auricularis,0.9530277306,1767
Dicrostonyx groenlandicus,0.9681473829,5808
Dicrostonyx hudsonius,0.9758403361,952
Dicrostonyx nelsoni,0.8974358974,39
Dicrostonyx nunatakensis,1,24
Dicrostonyx richardsoni,0.9649122807,570
Dicrostonyx torquatus,0.9823633157,1134
Dicrostonyx unalascensis,0.9523809524,42
Dinomys branickii,0.9090909091,110
Dipodomys agilis,0.9132575758,7920
Dipodomys californicus,0.9199004975,2010
Dipodomys compactus,0.9548387097,775
Dipodomys deserti,0.8625970664,4636
Dipodomys elator,0.9881154499,589
Dipodomys gravipes,0.9658792651,381
Dipodomys heermanni,0.939556894,4649
Dipodomys ingens,0.9727722772,404
Dipodomys merriami,0.8326827023,58661
Dipodomys microps,0.9055743243,5920
Dipodomys nelsoni,0.9677700348,1148
Dipodomys nitratoides,0.9854904237,1723
Dipodomys ordii,0.8336927415,42199
Dipodomys ornatus,0.9757673667,619
Dipodomys panamintinus,0.9168597914,6904
Dipodomys phillipsii,0.9226190476,504
Dipodomys simulans,0.9245810056,2864
Dipodomys spectabilis,0.8777999004,4018
Dipodomys stephensi,0.980568012,669
Dipodomys venustus,0.9741035857,1004
Dipus sagitta,0.9510022272,449
Dolichotis patagonum,0.9069767442,43
Dolichotis salinicola,0.880952381,42
Dremomys everetti,0.9651162791,86
Dremomys lokriah,0.9641025641,195
Dremomys pernyi,0.8785714286,140
Dremomys pyrrhomerus,0.9418604651,86
Dremomys rufigenis,0.9312169312,189
Dryomys nitedula,0.9019073569,367
Echimys chrysurus,0.9615384615,26
Eligmodontia moreni,0.9318181818,308
Eligmodontia morgani,0.9382422803,1263
Eligmodontia puerulus,0.90625,256
Eligmodontia typus,0.933604336,738
Eliomys melanurus,0.9523809524,63
Eliomys munbyanus,0.8870967742,124
Eliomys quercinus,0.9540117417,2044
Eliurus antsingy,0.9285714286,56
Eliurus grandidieri,0.9347826087,184
Eliurus majori,0.9795321637,342
Eliurus minor,0.972299169,361
Eliurus myoxinus,0.9764011799,339
Eliurus tanala,0.975,360
Eliurus webbi,0.9685658153,509
Ellobius fuscocapillus,0.9252336449,107
Ellobius talpinus,0.9642857143,392
Ellobius tancrei,0.9482071713,251
Eoglaucomys fimbriatus,0.9642857143,28
Eolagurus luteus,1,142
Eospalax fontanierii,0.9473684211,38
Eothenomys cachinus,1,22
Eothenomys chinensis,0.9264705882,68
Eothenomys custos,0.9625,80
Eothenomys melanogaster,0.9396411093,613
Eothenomys miletus,0.9791666667,48
Eothenomys proditor,1,38
Epixerus ebii,0.9047619048,42
Eremoryzomys polius,0.9333333333,30
Eropeplus canus,0.9516129032,62
Euchoreutes naso,0.9047619048,42
Euneomys chinchilloides,0.9657534247,146
Euneomys mordax,0.9117647059,34
Euneomys petersoni,0.9411764706,34
Euryoryzomys emmonsae,0.9166666667,48
Euryoryzomys legatus,0.9142857143,140
Euryoryzomys macconnelli,0.9747706422,436
Euryoryzomys nitidus,0.9473684211,1083
Euryoryzomys russatus,0.9716494845,388
Exilisciurus concinnus,0.9439252336,107
Exilisciurus exilis,0.9156626506,83
Exilisciurus whiteheadi,0.9722222222,36
Felovia vae,1,35
Funambulus palmarum,0.9444444444,54
Funambulus pennantii,0.9387755102,196
Funambulus sublineatus,1,24
Funisciurus anerythrus,0.9293078056,679
Funisciurus bayonii,0.8823529412,34
Funisciurus carruthersi,0.9395973154,298
Funisciurus congicus,0.897810219,274
Funisciurus isabella,0.9117647059,102
Funisciurus lemniscatus,0.8863636364,176
Funisciurus leucogenys,0.8717948718,78
Funisciurus pyrropus,0.9160636758,691
Funisciurus substriatus,1,24
Galea musteloides,0.9090909091,385
Galea spixii,0.8805970149,67
Geomys arenarius,0.9612403101,1032
Geomys attwateri,0.9835271318,1032
Geomys breviceps,0.9415089008,3539
Geomys bursarius,0.9188096147,13105
Geomys knoxjonesi,0.9785330948,559
Geomys personatus,0.9507202426,1319
Geomys pinetis,0.9340659341,1092
Geomys texensis,0.9633587786,655
Geomys tropicalis,0.9898989899,198
Georychus capensis,0.8392857143,56
Geoxus valdivianus,0.9329685363,731
Gerbilliscus afra,0.9241803279,488
Gerbilliscus boehmi,0.8615384615,130
Gerbilliscus brantsii,0.9503311258,302
Gerbilliscus guineae,0.9711286089,1143
Gerbilliscus leucogaster,0.9515103339,2516
Gerbilliscus nigricaudus,0.9090909091,88
Gerbilliscus phillipsi,0.8888888889,36
Gerbilliscus robustus,0.9370460048,826
Gerbilliscus validus,0.9245951417,1976
Gerbillurus paeba,0.9532568708,4621
Gerbillurus setzeri,0.96875,128
Gerbillurus tytonis,0.9726775956,183
Gerbillurus vallinus,0.987755102,245
Gerbillus amoenus,0.9849056604,265
Gerbillus andersoni,0.9855595668,554
Gerbillus cheesmani,0.9453551913,183
Gerbillus famulus,0.9,40
Gerbillus gerbillus,0.9643950995,2612
Gerbillus henleyi,0.8636363636,176
Gerbillus hesperinus,0.9886363636,176
Gerbillus latastei,0.985267035,543
Gerbillus mesopotamiae,1,26
Gerbillus nanus,0.9747416762,871
Gerbillus nigeriae,0.9680851064,94
Gerbillus perpallidus,0.9924242424,396
Gerbillus poecilops,0.9615384615,26
Gerbillus pusillus,0.9230769231,52
Gerbillus pyramidum,0.9819662595,1719
Gerbillus tarabuli,0.9551122195,401
Glaucomys sabrinus,0.8216120745,6228
Glaucomys volans,0.8882352941,3400
Glis glis,0.9166666667,612
Golunda ellioti,0.8214285714,28
Grammomys cometes,0.96875,64
Grammomys dolichurus,0.8844621514,2008
Grammomys ibeanus,0.9383983573,487
Grammomys kuru,0.9343065693,137
Grammomys macmillani,0.9350649351,462
Graomys domorum,0.9487179487,351
Graomys griseoflavus,0.9302963776,1822
Graphiurus christyi,0.9308510638,188
Graphiurus kelleni,0.8365384615,104
Graphiurus lorraineus,0.876344086,186
Graphiurus microtis,0.950617284,162
Graphiurus murinus,0.8969616909,1514
Graphiurus nagtglasii,0.9358974359,312
Graphiurus platyops,0.9375,32
Gymnuromys roberti,0.9361702128,94
Habromys lophurus,0.9783281734,323
Habromys simulatus,0.9523809524,84
Handleyomys fuscatus,0.9545454545,22
Handleyomys intectus,0.975,40
Handleyomys melanotis,0.9305555556,360
Hapalomys longicaudatus,0.9950248756,201
Heimyscus fumosus,0.9776247849,581
Heliophobius argenteocinereus,0.962628866,776
Heliosciurus gambianus,0.926744186,860
Heliosciurus mutabilis,0.8962264151,106
Heliosciurus punctatus,0.9342105263,152
Heliosciurus rufobrachium,0.9083056478,1505
Heliosciurus ruwenzorii,0.9195402299,261
Heliosciurus undulatus,0.87,100
Heterocephalus glaber,0.9641434263,502
Heteromys anomalus,0.9427402863,489
Heteromys australis,0.93125,320
Heteromys catopterius,0.9489795918,98
Heteromys desmarestianus,0.9438466054,5111
Heteromys gaumeri,0.9684372594,2598
Heteromys nelsoni,0.96,100
Heteromys oresterus,0.9259259259,54
Hodomys alleni,0.9617834395,471
Hoplomys gymnurus,0.9076923077,130
Hybomys basilii,0.9590163934,122
Hybomys lunaris,0.9337016575,181
Hybomys planifrons,0.9565217391,115
Hybomys trivirgatus,0.9720930233,645
Hybomys univittatus,0.9395794731,12413
Hydromys chrysogaster,0.8871646502,3802
Hylaeamys acritus,1,38
Hylaeamys laticeps,0.9545454545,44
Hylaeamys megacephalus,0.9173591874,2166
Hylaeamys perenensis,0.9813953488,1505
Hylaeamys yunganus,0.9717314488,566
Hylomyscus aeta,0.9478138223,709
Hylomyscus alleni,0.9352024922,3210
Hylomyscus arcimontensis,0.9814986124,1081
Hylomyscus baeri,0.9666666667,30
Hylomyscus carillus,0.8636363636,44
Hylomyscus denniae,0.96,800
Hylomyscus endorobae,0.9770114943,348
Hylomyscus heinrichorum,0.96,50
Hylomyscus kerbispeterhansi,0.9829351536,293
Hylomyscus parvus,0.9299065421,214
Hylomyscus stella,0.924403414,5741
Hylomyscus walterverheyeni,0.9689387403,1159
Hylopetes alboniger,0.875,48
Hylopetes nigripes,0.9156626506,83
Hylopetes phayrei,0.9473684211,38
Hylopetes platyurus,1,42
Hylopetes spadiceus,0.9775784753,223
Hyomys dammermani,1,32
Hystrix africaeaustralis,0.8269230769,104
Hystrix cristata,0.9027777778,72
Hystrix indica,0.8441558442,77
Hystrix pumila,0.935483871,31
Ictidomys mexicanus,0.9053497942,1215
Ictidomys tridecemlineatus,0.8521089162,7492
Idiurus macrotis,0.8676470588,68
Idiurus zenkeri,0.9180327869,61
Irenomys tarsalis,0.9437652812,409
Isothrix bistriata,0.9655172414,116
Jaculus blanfordi,0.8888888889,108
Jaculus jaculus,0.9654647029,1969
Jaculus orientalis,0.9878603945,659
Juliomys pictipes,0.9230769231,52
Kannabateomys amblyonyx,0.9391304348,115
Kerodon rupestris,0.8823529412,34
Lagidium viscacia,0.8618421053,152
Lagostomus maximus,0.9496503497,715
Lagurus lagurus,0.9857549858,702
Laonastes aenigmamus,0.9577464789,213
Lariscus insignis,0.9589041096,146
Lasiopodomys brandtii,1,155
Leggadina forresti,0.9523809524,1281
Leggadina lakedownensis,0.9678714859,498
Lemmiscus curtatus,0.9047427045,19841
Lemmus sibiricus,0.9648806844,6663
Lemmus trimucronatus,0.9697923222,7945
Lemniscomys barbarus,0.9415584416,308
Lemniscomys bellieri,0.9552238806,402
Lemniscomys griselda,0.9202898551,276
Lemniscomys linulus,0.9337979094,287
Lemniscomys macculus,0.8878504673,107
Lemniscomys rosalia,0.9345579793,871
Lemniscomys striatus,0.8831730099,7173
Lemniscomys zebra,0.9402390438,753
Lenothrix canus,0.9852941176,136
Lenoxus apicalis,0.92,50
Leopoldamys edwardsi,0.9553903346,269
Leopoldamys sabanus,0.9605809129,482
Leporillus apicalis,0.8783783784,74
Limnomys bryophilus,1,50
Limnomys sibuanus,0.9583333333,24
Lophuromys flavopunctatus,0.9122807018,1026
Lophuromys huttereri,1,22
Lophuromys kilonzoi,0.9829059829,468
Lophuromys luteogaster,0.9318181818,44
Lophuromys machangui,0.9920634921,252
Lophuromys nudicaudus,0.9156118143,237
Lophuromys rahmi,0.9528301887,106
Lophuromys sikapusi,0.910218547,3386
Lophuromys woosnami,0.9652087475,2012
Loxodontomys micropus,0.9253288078,2357
Macrotarsomys bastardi,0.9130434783,46
Makalata didelphoides,0.9326923077,208
Makalata macrura,1,64
Malacomys cansdalei,0.9824561404,114
Malacomys edwardsi,0.9630331754,1055
Malacomys longipes,0.9265536723,3009
Mallomys rothschildi,0.9736842105,38
Marmota baibacina,0.8571428571,28
Marmota bobak,0.8269230769,52
Marmota broweri,0.9314285714,175
Marmota caligata,0.9100749376,1201
Marmota flaviventris,0.8005090678,3143
Marmota himalayana,0.8055555556,36
Marmota marmota,0.875,48
Marmota monax,0.8499353169,3092
Marmota olympus,0.9042553191,94
Marmota sibirica,0.8787878788,33
Marmota vancouverensis,0.9583333333,24
Mastacomys fuscus,0.9385964912,570
Mastomys coucha,0.9094890511,685
Mastomys erythroleucus,0.9346330275,2616
Mastomys huberti,0.9472295515,379
Mastomys kollmannspergeri,0.9700598802,167
Mastomys natalensis,0.8587565774,34968
Mastomys pernanus,0.9210526316,38
Mastomys shortridgei,0.9666666667,30
Maxomys alticola,0.9777777778,90
Maxomys bartelsii,1,578
Maxomys hellwaldii,0.9689440994,161
Maxomys moi,1,30
Maxomys musschenbroekii,0.9834983498,303
Maxomys ochraceiventer,0.9,30
Maxomys panglima,0.9919246299,743
Maxomys rajah,0.9479768786,173
Maxomys surifer,0.9461697723,483
Megadontomys cryophilus,0.9875968992,645
Megadontomys thomasi,0.9797421731,543
Melanomys caliginosus,0.9449588477,1944
Melomys burtoni,0.9245606515,2333
Melomys capensis,0.9840764331,314
Melomys cervinipes,0.9028831563,1977
Melomys lutillus,1,28
Melomys rufescens,0.880733945,218
Menetes berdmorei,0.9139784946,93
Meriones crassus,0.9742679681,1127
Meriones grandis,0.9897494305,878
Meriones hurrianae,0.9581589958,239
Meriones libycus,0.9611366486,2393
Meriones meridianus,0.9385416667,960
Meriones persicus,0.961589404,755
Meriones rex,0.9130434783,46
Meriones sacramenti,0.9807692308,52
Meriones shawi,0.9712041885,382
Meriones tamariscinus,0.8452380952,84
Meriones tristrami,0.9492957746,355
Meriones unguiculatus,0.942687747,506
Meriones vinogradovi,0.9659090909,88
Mesembriomys gouldii,0.9449152542,236
Mesembriomys macrurus,0.9821428571,112
Mesocricetus auratus,0.8833333333,120
Mesocricetus newtoni,0.9931506849,146
Mesomys hispidus,0.9527777778,360
Micaelamys granti,0.988372093,86
Micaelamys namaquensis,0.8983595468,5913
Microcavia australis,0.9581881533,287
Microcavia niata,0.9242424242,66
Microdipodops megacephalus,0.9414182939,4865
Microdipodops pallidus,0.967325228,2632
Micromys minutus,0.9347382733,2942
Microryzomys altissimus,0.9360902256,266
Microryzomys minutus,0.9363354037,1288
Microsciurus alfari,0.9312977099,262
Microsciurus flaviventer,0.954248366,306
Microsciurus mimulus,0.9308176101,159
Microtus abbreviatus,0.964028777,278
Microtus agrestis,0.9242473822,12224
Microtus arvalis,0.9172516486,9402
Microtus cabrerae,1,116
Microtus californicus,0.8492824262,18465
Microtus canicaudus,0.9873096447,394
Microtus chrotorrhinus,0.9456427955,1159
Microtus daghestanicus,0.9705882353,34
Microtus duodecimcostatus,0.9681381958,13025
Microtus fortis,0.8993288591,149
Microtus gerbei,0.9807445443,1558
Microtus gregalis,0.9321766562,634
Microtus guatemalensis,0.9606741573,178
Microtus guentheri,0.94,100
Microtus ilaeus,0.8333333333,42
Microtus kikuchii,0.9873015873,315
Microtus levis,0.9342105263,76
Microtus longicaudus,0.7891244484,30141
Microtus lusitanicus,0.9838987924,3478
Microtus mexicanus,0.853569421,14232
Microtus miurus,0.9618200086,6967
Microtus mongolicus,0.9310344828,87
Microtus montanus,0.821439043,17053
Microtus montebelli,0.9285714286,98
Microtus multiplex,0.9341463415,410
Microtus oaxacensis,0.9689922481,258
Microtus ochrogaster,0.9007253886,14475
Microtus oeconomus,0.9097601374,48903
Microtus oregoni,0.9036772777,3644
Microtus pennsylvanicus,0.7920736609,82106
Microtus pinetorum,0.8867579909,5475
Microtus quasiater,0.9713080169,1185
Microtus savii,0.9513888889,144
Microtus socialis,0.9315068493,146
Microtus subterraneus,0.9465405086,8455
Microtus tatricus,0.8571428571,42
Microtus townsendii,0.9033600952,3363
Microtus umbrosus,0.9772727273,132
Microtus xanthognathus,0.9657669519,6076
Millardia meltada,0.9230769231,52
Monticolomys koopmani,0.9679487179,156
Muriculus imberbis,0.9444444444,36
Mus baoulei,0.9744318182,352
Mus booduga,0.9349593496,123
Mus bufo,0.9727705922,1469
Mus caroli,0.9595959596,198
Mus cervicolor,0.9742268041,194
Mus cookii,0.8181818182,88
Mus haussa,0.9704142012,169
Mus macedonicus,0.8987341772,79
Mus mahomet,0.83,100
Mus mattheyi,0.9534883721,86
Mus minutoides,0.8458397141,1959
Mus musculoides,0.8984318016,5484
Mus neavei,0.9744186047,430
Mus pahari,0.9047619048,126
Mus setulosus,0.9238045192,1903
Mus setzeri,0.8888888889,36
Mus shortridgei,0.9464285714,56
Mus sorella,0.9289940828,169
Mus spicilegus,0.9378531073,177
Mus spretus,0.9640711963,18147
Mus tenellus,0.75,28
Mus terricolor,0.9736842105,38
Mus triton,0.9133995037,4030
Muscardinus avellanarius,0.9571788413,794
Mylomys dybowskii,0.9415584416,616
Myocastor coypus,0.8583175206,1581
Myodes andersoni,0.9615384615,26
Myodes californicus,0.935071708,3835
Myodes centralis,0.9752475248,202
Myodes gapperi,0.8384746174,45287
Myodes glareolus,0.93511765,80068
Myodes rufocanus,0.9016176956,3029
Myodes rutilus,0.9363667465,49691
Myodes smithii,1,47
Myomyscus angolensis,0.9509803922,102
Myomyscus brockmani,0.9425287356,174
Myomyscus verreauxii,0.9367816092,174
Myoprocta acouchy,0.9523809524,210
Myoprocta pratti,0.953125,64
Myopus schisticolor,0.953125,704
Myospalax myospalax,0.8333333333,30
Myospalax psilurus,0.8787878788,33
Mysateles prehensilis,0.96875,32
Mystromys albicaudatus,0.9615384615,130
Nannosciurus melanotis,0.9264705882,68
Napaeozapus insignis,0.9264017128,7473
Neacomys guianae,0.9632352941,136
Neacomys minutus,1,64
Neacomys musseri,0.9705882353,34
Neacomys paracou,0.9358974359,78
Neacomys spinosus,0.9257221458,727
Neacomys tenuipes,0.949044586,157
Necromys amoenus,0.956,250
Necromys lactens,0.9594594595,74
Necromys lasiurus,0.9155023287,1503
Necromys lenguarum,0.9589041096,803
Necromys obscurus,0.9843096234,956
Necromys temchuki,0.8918918919,74
Necromys urichi,0.9545454545,176
Nelsonia goldmani,0.9743589744,39
Nelsonia neotomodon,0.9181818182,110
Neodon sikimensis,0.975,480
Neomicroxus bogotensis,0.95,120
Neomicroxus latebricola,0.8076923077,26
Neotoma albigula,0.8339986861,19789
Neotoma angustapalata,0.9565217391,23
Neotoma bryanti,0.9006750241,3111
Neotoma cinerea,0.7686313403,7058
Neotoma devia,0.9262295082,732
Neotoma floridana,0.8816876903,4598
Neotoma fuscipes,0.8682937092,4753
Neotoma goldmani,0.9095744681,188
Neotoma lepida,0.8285241098,15699
Neotoma leucodon,0.923777403,2965
Neotoma macrotis,0.8969293025,4201
Neotoma magister,0.9375,208
Neotoma mexicana,0.7593544702,7002
Neotoma micropus,0.8563387489,7817
Neotoma palatina,1,132
Neotoma phenax,0.9318734793,411
Neotoma stephensi,0.9191176471,1088
Neotomodon alstoni,0.9561878952,4428
Nephelomys albigularis,0.9510624598,1553
Nephelomys auriventer,0.875,32
Nephelomys devius,0.9685534591,318
Nephelomys keaysi,0.9733606557,488
Nephelomys levipes,0.9647887324,284
Nephelomys meridensis,0.9868421053,76
Nesokia indica,0.9381663113,469
Nesomys audeberti,0.8961038961,77
Nesomys rufus,0.9720670391,358
Nesoryzomys fernandinae,0.95,40
Niviventer andersoni,0.9838709677,62
Niviventer confucianus,0.9589774078,1682
Niviventer coninga,0.9707112971,478
Niviventer cremoriventer,0.9408450704,355
Niviventer culturatus,0.9928400955,419
Niviventer eha,0.9514925373,268
Niviventer fulvescens,0.9424538545,1842
Niviventer lepturus,0.9861751152,217
Niviventer niviventer,0.9318181818,88
Niviventer rapit,0.9645390071,141
Niviventer tenaster,0.9945205479,365
Notocitellus adocetus,0.9714587738,946
Notocitellus annulatus,0.965034965,286
Notomys alexis,0.9339025933,3162
Notomys aquilo,0.8915662651,83
Notomys cervinus,0.9644808743,366
Notomys fuscus,0.9313432836,335
Notomys mitchellii,0.9546279492,1653
Nyctomys sumichrasti,0.9342925659,6255
Ochrotomys nuttalli,0.9240682689,2871
Octodon bridgesi,0.9347826087,46
Octodon degus,0.9623477298,903
Octodon lunatus,0.9275362319,69
Octodontomys gliroides,0.9411764706,34
Oecomys auyantepui,0.975308642,162
Oecomys bicolor,0.9455337691,918
Oecomys catherinae,0.9565217391,23
Oecomys concolor,0.9359605911,406
Oecomys flavicans,0.9230769231,78
Oecomys mamorae,0.8018867925,106
Oecomys paricola,0.8933333333,75
Oecomys phaeotis,0.9782608696,46
Oecomys rutilus,0.9444444444,72
Oecomys speciosus,0.8050847458,118
Oecomys superans,0.9302325581,172
Oecomys trinitatis,0.8888888889,234
Oenomys hypoxanthus,0.8990306947,2476
Oenomys ornatus,1,24
Oligoryzomys andinus,0.8043478261,46
Oligoryzomys arenalis,0.9285714286,84
Oligoryzomys chacoensis,0.9362186788,439
Oligoryzomys delticola,0.8823529412,34
Oligoryzomys destructor,0.9452796152,1663
Oligoryzomys eliurus,0.9207317073,164
Oligoryzomys flavescens,0.9254185693,1971
Oligoryzomys fornesi,0.8870967742,62
Oligoryzomys fulvescens,0.8969863014,3650
Oligoryzomys griseolus,0.9166666667,72
Oligoryzomys longicaudatus,0.8835213916,8508
Oligoryzomys magellanicus,0.9737991266,229
Oligoryzomys microtis,0.9252498914,2301
Oligoryzomys nigripes,0.9259708738,824
Oligoryzomys stramineus,0.9230769231,26
Oligoryzomys vegetus,0.9433962264,106
Onychomys arenicola,0.9136246787,1945
Onychomys leucogaster,0.8148264701,22244
Onychomys torridus,0.8268768046,8312
Orthogeomys cavator,0.9797979798,99
Orthogeomys grandis,0.9608938547,358
Orthogeomys heterodus,0.9454545455,110
Orthogeomys hispidus,0.922506183,1213
Orthogeomys underwoodi,0.96,25
Osgoodomys banderanus,0.9596577017,2454
Otomys angoniensis,0.9201773836,451
Otomys barbouri,0.9545454545,22
Otomys denti,0.8888888889,171
Otomys irroratus,0.8859060403,894
Otomys occidentalis,1,78
Otomys tropicalis,0.9488584475,1095
Otomys typus,0.9141914191,303
Otonyctomys hatti,0.8333333333,60
Otospermophilus beecheyi,0.8530815972,4608
Otospermophilus variegatus,0.7838247683,5935
Ototylomys phyllotis,0.8892497564,3079
Oxymycterus amazonicus,0.9285714286,126
Oxymycterus hispidus,0.8775510204,98
Oxymycterus inca,0.9230769231,130
Oxymycterus josei,1,26
Oxymycterus paramensis,0.9398663697,449
Oxymycterus quaestor,0.9285714286,56
Oxymycterus roberti,0.9207317073,328
Oxymycterus rufus,0.9388185654,474
Pachyuromys duprasi,0.9959677419,248
Palawanomys furvus,0.9696969697,66
Pappogeomys bulleri,0.9580602883,763
Paramelomys platyops,0.9716312057,141
Paramelomys rubex,0.9836065574,122
Paraxerus alexandri,0.9135338346,266
Paraxerus boehmi,0.9207920792,1111
Paraxerus cepapi,0.9209257473,1037
Paraxerus flavovittis,0.9038461538,52
Paraxerus lucifer,0.84375,32
Paraxerus ochraceus,0.9178571429,280
Paraxerus palliatus,0.8962264151,106
Paraxerus poensis,0.9085714286,175
Paraxerus vexillarius,0.9302325581,86
Parotomys brantsii,0.9696969697,231
Parotomys littledalei,0.9542857143,175
Paruromys dominator,0.9736842105,190
Pedetes capensis,0.928660826,799
Pedetes surdaster,0.8717948718,39
Pelomys campanae,0.9333333333,150
Pelomys hopkinsi,0.9783549784,231
Pelomys minor,0.9270833333,192
Perognathus amplus,0.9207000273,3657
Perognathus fasciatus,0.9010416667,5376
Perognathus flavescens,0.866741573,4450
Perognathus flavus,0.8281867029,15447
Perognathus inornatus,0.9640221402,1084
Perognathus longimembris,0.8551432529,13717
Perognathus merriami,0.8888888889,2637
Perognathus parvus,0.8434939592,7201
Peromyscus attwateri,0.9561562926,4402
Peromyscus aztecus,0.9305427783,4348
Peromyscus beatae,0.9685476411,1081
Peromyscus boylii,0.7586016375,39818
Peromyscus californicus,0.9174030871,8487
Peromyscus crinitus,0.8424953172,12279
Peromyscus difficilis,0.8952719878,13769
Peromyscus eremicus,0.8160585605,35109
Peromyscus fraterculus,0.9584415584,385
Peromyscus furvus,0.9692372524,2373
Peromyscus gossypinus,0.915200176,9092
Peromyscus grandis,0.9861878453,724
Peromyscus gratus,0.9288793103,5568
Peromyscus guatemalensis,0.9717034522,1767
Peromyscus gymnotis,0.972575906,1021
Peromyscus hooperi,0.9642857143,28
Peromyscus hylocetes,0.9650793651,315
Peromyscus keeni,0.9250987995,26822
Peromyscus leucopus,0.8037535566,91380
Peromyscus levipes,0.9098084512,10389
Peromyscus maniculatus,0.7006036792,357309
Peromyscus megalops,0.9634551495,2107
Peromyscus melanocarpus,0.9885456439,2881
Peromyscus melanophrys,0.9013539652,4136
Peromyscus melanotis,0.9441826454,12308
Peromyscus melanurus,0.9792960663,483
Peromyscus merriami,0.933181473,1317
Peromyscus nasutus,0.8706937235,4238
Peromyscus ochraventer,0.9832317073,656
Peromyscus pectoralis,0.8496886784,11403
Peromyscus perfulvus,0.9519774011,354
Peromyscus polionotus,0.9422506277,4381
Peromyscus polius,0.8484848485,66
Peromyscus schmidlyi,0.9921875,128
Peromyscus simulus,0.9638888889,360
Peromyscus spicilegus,0.9422696718,2529
Peromyscus stirtoni,0.9642857143,168
Peromyscus truei,0.7703079458,31564
Peromyscus yucatanicus,0.9746031746,1890
Peromyscus zarhynchus,0.9885395239,3403
Petaurista alborufus,0.8823529412,34
Petaurista elegans,0.9545454545,22
Petaurista magnificus,0.8333333333,24
Petaurista petaurista,0.9081081081,185
Petinomys setosus,0.9433962264,53
Petinomys vordermanni,1,62
Petromus typicus,0.8942307692,104
Petromyscus barbouri,0.9090909091,22
Petromyscus collinus,0.9801762115,454
Petromyscus monticularis,0.8863636364,44
Petromyscus shortridgei,0.9615384615,26
Phenacomys intermedius,0.8735072977,2261
Phenacomys ungava,0.9378640777,1030
Phloeomys cumingi,0.9264705882,68
Phodopus campbelli,0.9342105263,152
Phodopus roborovskii,0.9657894737,380
Phodopus sungorus,0.9447004608,217
Phyllomys pattoni,0.9642857143,28
Phyllotis amicus,0.9066666667,225
Phyllotis andium,0.9530201342,447
Phyllotis caprinus,0.9,80
Phyllotis darwini,0.909854851,1309
Phyllotis definitus,0.9607843137,51
Phyllotis haggardi,0.875,40
Phyllotis limatus,0.95,160
Phyllotis magister,0.954887218,399
Phyllotis osilae,0.9506462985,851
Phyllotis wolffsohni,0.9527027027,148
Phyllotis xanthopygus,0.878470739,4682
Pithecheir parvus,0.9791666667,48
Plagiodontia aedium,0.9736842105,38
Podomys floridanus,0.9334719335,481
Pogonomys loriae,0.9010989011,91
Pogonomys macrourus,1,40
Poliocitellus franklinii,0.9251207729,828
Praomys coetzeei,0.9166666667,24
Praomys daltoni,0.9457601222,1309
Praomys degraaffi,0.9851116625,806
Praomys delectorum,0.9648288973,2104
Praomys derooi,0.9772727273,704
Praomys hartwigi,1,142
Praomys jacksoni,0.9053001876,21320
Praomys lukolelae,0.9653179191,173
Praomys minor,1,24
Praomys misonnei,0.9563729683,2338
Praomys morio,0.9837962963,432
Praomys mutoni,0.9333333333,60
Praomys petteri,0.9401709402,117
Praomys rostratus,0.969858156,564
Praomys tullbergi,0.9225101022,4207
Proechimys brevicauda,0.970323741,1112
Proechimys canicollis,0.9166666667,84
Proechimys chrysaeolus,0.9534883721,215
Proechimys cuvieri,0.9692154916,1007
Proechimys decumanus,0.9166666667,24
Proechimys echinothrix,0.99,100
Proechimys gardneri,1,47
Proechimys goeldii,0.962962963,54
Proechimys guairae,0.9635036496,411
Proechimys guyannensis,0.9572901325,1358
Proechimys hoplomyoides,0.975308642,81
Proechimys kulinae,1,104
Proechimys longicaudatus,0.9556650246,609
Proechimys mincae,0.925,40
Proechimys oconnelli,0.9881556684,1182
Proechimys pattoni,1,56
Proechimys quadruplicatus,0.9755555556,450
Proechimys roberti,0.9253731343,134
Proechimys semispinosus,0.9337442219,2596
Proechimys simonsi,0.9800884956,1356
Proechimys steerei,0.976085031,1129
Prosciurillus leucomus,0.9344262295,61
Prosciurillus murinus,0.90625,32
Protoxerus aubinnii,0.9,50
Protoxerus stangeri,0.9236111111,1152
Psammomys obesus,0.987654321,1134
Pseudomys albocinereus,0.9318854886,1013
Pseudomys apodemoides,0.9654008439,1185
Pseudomys australis,0.9399477807,383
Pseudomys bolami,0.9377470356,1012
Pseudomys calabyi,0.8958333333,48
Pseudomys chapmani,0.9638554217,415
Pseudomys delicatulus,0.9123184508,1859
Pseudomys desertor,0.9517896275,1369
Pseudomys fumeus,0.9120879121,182
Pseudomys gracilicaudatus,0.9471264368,870
Pseudomys hermannsburgensis,0.94508519,7630
Pseudomys higginsi,0.9759358289,748
Pseudomys johnsoni,0.9605263158,152
Pseudomys nanus,0.9619909502,1105
Pseudomys novaehollandiae,0.9419551935,982
Pseudomys occidentalis,0.9565217391,184
Pseudomys oralis,0.7959183673,49
Pseudomys patrius,0.92,50
Pseudomys shortridgei,0.9424920128,313
Pseudoryzomys simplex,0.8461538462,26
Pteromys volans,0.7727272727,44
Pteromyscus pulverulentus,0.9838709677,124
Punomys kofordi,0.9545454545,22
Pygeretmus pumilio,0.9512195122,123
Rattus andamanensis,0.9440993789,322
Rattus annandalei,0.9915254237,118
Rattus argentiventer,0.9402654867,452
Rattus baluensis,0.9884169884,259
Rattus colletti,0.9515235457,722
Rattus everetti,0.9627147047,2387
Rattus exulans,0.9256638884,10318
Rattus fuscipes,0.858929854,16708
Rattus giluwensis,0.9907407407,108
Rattus hoffmanni,0.9576271186,236
Rattus leucopus,0.926780341,997
Rattus losea,0.954248366,153
Rattus lutreolus,0.9109639441,5436
Rattus marmosurus,0.8888888889,54
Rattus mindorensis,0.9731800766,261
Rattus niobe,0.9899328859,298
Rattus nitidus,0.9441707718,609
Rattus norvegicus,0.7452614752,8758
Rattus osgoodi,0.96,50
Rattus praetor,0.9268292683,41
Rattus pyctoris,0.9029649596,371
Rattus rattus,0.7491139086,32728
Rattus sordidus,0.9448897796,998
Rattus steini,0.9534883721,86
Rattus tanezumi,0.9367088608,5056
Rattus tiomanicus,0.9588477366,486
Rattus tunneyi,0.9265442404,3594
Rattus verecundus,0.9615384615,26
Rattus villosissimus,0.9638690252,2657
Ratufa affinis,0.9745762712,236
Ratufa bicolor,0.8888888889,252
Ratufa indica,0.875,40
Ratufa macroura,1,22
Reithrodon auritus,0.9232995658,691
Reithrodontomys brevirostris,0.96,50
Reithrodontomys burti,0.9444444444,108
Reithrodontomys chrysopsis,0.9470468432,491
Reithrodontomys creper,0.9674418605,430
Reithrodontomys darienensis,0.9253731343,67
Reithrodontomys fulvescens,0.8195025856,16244
Reithrodontomys gracilis,0.9550561798,623
Reithrodontomys humulis,0.9446883231,1139
Reithrodontomys megalotis,0.7253881106,42256
Reithrodontomys mexicanus,0.9189038598,19742
Reithrodontomys microdon,0.948757764,644
Reithrodontomys montanus,0.9002686367,2978
Reithrodontomys raviventris,0.9727085479,1942
Reithrodontomys tenuirostris,0.97,100
Reithrodontomys zacatecae,0.9496402878,278
Rhabdomys dilectus,0.9459141681,1701
Rhabdomys pumilio,0.8985925047,5897
Rhinosciurus laticaudatus,0.9856115108,139
Rhipidomys austrinus,0.8888888889,36
Rhipidomys couesi,0.875,56
Rhipidomys fulviventer,0.9555555556,90
Rhipidomys latimanus,0.9459459459,185
Rhipidomys leucodactylus,0.9182156134,269
Rhipidomys macconnelli,0.9931129477,726
Rhipidomys macrurus,0.8095238095,42
Rhipidomys mastacalis,0.9292035398,226
Rhipidomys nitela,0.9467455621,169
Rhipidomys venezuelae,0.8571428571,84
Rhipidomys venustus,0.9239130435,92
Rhipidomys wetzeli,1,28
Rhizomys pruinosus,0.9382716049,162
Rhizomys sinensis,0.9642857143,28
Rhizomys sumatrensis,0.8977272727,88
Rhombomys opimus,0.9094650206,243
Rhynchomys soricoides,0.9450549451,91
Saccostomus campestris,0.8943626206,1969
Saccostomus mearnsi,0.8918918919,37
Scapteromys tumidus,0.9242424242,66
Sciurillus pusillus,1,34
Sciurotamias davidianus,0.8333333333,42
Sciurus aberti,0.8993506494,1848
Sciurus aestuans,0.921875,256
Sciurus alleni,0.9740566038,424
Sciurus anomalus,0.8454545455,110
Sciurus arizonensis,0.9371859296,796
Sciurus aureogaster,0.9085220501,3356
Sciurus carolinensis,0.8678060691,8601
Sciurus colliaei,0.9556650246,812
Sciurus deppei,0.9170854271,1990
Sciurus gilvigularis,0.8928571429,28
Sciurus granatensis,0.9199298656,1711
Sciurus griseus,0.8556296587,2549
Sciurus ignitus,0.9314079422,277
Sciurus igniventris,0.9273504274,234
Sciurus lis,0.8928571429,28
Sciurus nayaritensis,0.9533333333,600
Sciurus niger,0.8328903654,9030
Sciurus oculatus,0.9081081081,185
Sciurus pucheranii,0.9473684211,76
Sciurus pyrrhinus,0.9854014599,274
Sciurus richmondi,0.95,100
Sciurus spadiceus,0.9280205656,389
Sciurus stramineus,0.9153846154,130
Sciurus variegatoides,0.9561678147,1597
Sciurus vulgaris,0.8939716312,2820
Sciurus yucatanensis,0.9476923077,325
Scolomys melanops,0.9690721649,97
Scolomys ucayalensis,0.9565217391,46
Scotinomys teguina,0.9594594595,888
Scotinomys xerampelinus,0.9558441558,385
Sekeetamys calurus,0.9707112971,239
Sicista betulina,0.9503927243,2419
Sicista subtilis,0.947826087,115
Sigmodon alleni,0.9247648903,319
Sigmodon alstoni,0.9521276596,564
Sigmodon arizonae,0.8781991983,3243
Sigmodon fulviventer,0.93,2600
Sigmodon hirsutus,0.9508117276,4127
Sigmodon hispidus,0.7507323509,44719
Sigmodon leucotis,0.9451219512,820
Sigmodon mascotensis,0.9501807955,2489
Sigmodon ochrognathus,0.9138655462,952
Sigmodon toltecus,0.9061953098,2857
Sigmodontomys alfari,0.858974359,78
Sooretamys angouya,0.8956043956,182
Soricomys montanus,0.9736842105,38
Spalacopus cyanus,0.9142857143,70
Spermophilopsis leptodactylus,0.85,60
Spermophilus alashanicus,0.875,72
Spermophilus citellus,0.9478827362,307
Spermophilus dauricus,0.86,50
Spermophilus fulvus,0.9047619048,42
Spermophilus major,0.8706896552,116
Spermophilus pallidicauda,0.9444444444,36
Spermophilus pygmaeus,0.8720930233,86
Spermophilus suslicus,0.9914396887,1285
Spermophilus xanthoprymnus,0.9047619048,42
Steatomys bocagei,0.8076923077,26
Steatomys caurinus,0.9649122807,513
Steatomys krebsii,0.8169014085,71
Steatomys opimus,0.9069767442,43
Steatomys parvus,0.8671875,128
Steatomys pratensis,0.897574124,742
Stenocephalemys albipes,0.955654102,451
Stenocephalemys griseicauda,0.950617284,81
Stochomys longicaudatus,0.9443772672,3308
Stylodipus andrewsi,1,77
Stylodipus sungorus,0.9137931034,58
Stylodipus telum,0.8888888889,27
Sundamys infraluteus,0.9375,32
Sundamys muelleri,0.9621848739,714
Sundasciurus brookei,0.9423076923,52
Sundasciurus hippurus,0.9393939394,132
Sundasciurus hoogstraali,0.9264705882,68
Sundasciurus jentinki,1,35
Sundasciurus juvencus,0.962962963,270
Sundasciurus lowii,0.9517241379,145
Sundasciurus philippinensis,0.9605263158,152
Sundasciurus samarensis,1,41
Sundasciurus steerii,0.9739130435,115
Sundasciurus tenuis,0.9482758621,174
Synaptomys borealis,0.9139240506,2765
Synaptomys cooperi,0.8907314184,3377
Tachyoryctes splendens,0.9616236162,1355
Taeromys celebensis,0.5238095238,21
Tamias striatus,0.8780920089,12977
Tamiasciurus douglasii,0.8304928604,6513
Tamiasciurus hudsonicus,0.764449549,29603
Tamiasciurus mearnsi,0.9230769231,26
Tamiops maritimus,0.9811320755,265
Tamiops rodolphii,0.9523809524,42
Tamiops swinhoei,0.8987341772,79
Tarsomys apoensis,0.9545454545,66
Tateomys rhinogradoides,0.9714285714,35
Tatera indica,0.9395424837,612
Taterillus arenarius,0.995049505,202
Taterillus congicus,0.9734513274,226
Taterillus emini,0.9301075269,186
Taterillus gracilis,0.9637176938,4024
Taterillus pygargus,0.9470588235,170
Thallomys loringi,0.9,40
Thallomys nigricauda,0.95599022,409
Thallomys paedulcus,0.9081632653,196
Thalpomys lasiotis,0.9423076923,52
Thamnomys kempi,0.8974358974,78
Thamnomys venustus,0.8529411765,34
Thaptomys nigrita,0.8548387097,124
Thomasomys aureus,0.9181034483,464
Thomasomys baeops,0.9127906977,172
Thomasomys caudivarius,0.9090909091,22
Thomasomys cinereiventer,0.9726027397,730
Thomasomys cinereus,0.944,125
Thomasomys daphne,0.9146341463,82
Thomasomys gracilis,0.9705882353,34
Thomasomys hudsoni,1,43
Thomasomys hylophilus,0.9545454545,110
Thomasomys incanus,0.9090909091,22
Thomasomys ischyrus,0.9166666667,72
Thomasomys kalinowskii,0.9285714286,42
Thomasomys laniger,0.973015873,630
Thomasomys niveipes,0.9577039275,331
Thomasomys notatus,0.9473684211,57
Thomasomys oreas,0.9795918367,49
Thomasomys paramorum,0.9323308271,133
Thomasomys silvestris,0.9166666667,48
Thomasomys taczanowskii,0.9473684211,38
Thomomys bottae,0.7634802312,60904
Thomomys bulbivorus,0.9840954274,1006
Thomomys clusius,0.8571428571,42
Thomomys idahoensis,0.9473684211,342
Thomomys mazama,0.9225225225,2220
Thomomys monticola,0.9186168355,2863
Thomomys talpoides,0.7973977695,21520
Thomomys townsendii,0.9281767956,1810
Thomomys umbrinus,0.83973862,9029
Thrichomys apereoides,0.9385964912,114
Thryonomys gregorianus,0.8557692308,104
Toromys rhipidurus,0.9722222222,36
Transandinomys bolivaris,0.9314285714,175
Transandinomys talamancae,0.9365853659,1025
Trichys fasciculata,0.9375,64
Trinomys albispinus,0.9137931034,58
Trinomys eliasi,1,33
Trinomys iheringi,0.9407114625,253
Trinomys paratus,0.5238095238,21
Tscherskia triton,0.8571428571,63
Tylomys mirae,0.9230769231,26
Tylomys nudicaudus,0.9267782427,478
Tylomys watsoni,0.8615384615,65
Uranomys ruddi,0.940415964,1779
Urocitellus armatus,0.9200191571,2088
Urocitellus beldingi,0.8885519333,2638
Urocitellus canus,0.9621848739,238
Urocitellus columbianus,0.8883759966,2383
Urocitellus elegans,0.9106433678,2518
Urocitellus mollis,0.9108768567,2087
Urocitellus parryii,0.94028745,6749
Urocitellus richardsonii,0.9100075624,3967
Urocitellus townsendii,0.9387755102,490
Urocitellus undulatus,0.9246861925,478
Urocitellus washingtoni,0.9591836735,294
Uromys caudimaculatus,0.9426987061,541
Uromys hadrourus,0.9642857143,28
Vandeleuria oleracea,0.9333333333,120
Voalavo gymnocaudus,0.8928571429,28
Xenomys nelsoni,0.9082568807,109
Xerospermophilus mohavensis,0.9159292035,226
Xerospermophilus perotensis,0.9464285714,56
Xerospermophilus spilosoma,0.8455796594,4287
Xerospermophilus tereticaudus,0.8709359606,3045
Xerus erythropus,0.8855218855,594
Xerus inauris,0.9561128527,319
Xerus rutilus,0.9036144578,166
Zapus hudsonius,0.7924899565,12197
Zapus princeps,0.7822401096,11678
Zapus trinotatus,0.8824865172,3523
Zelotomys hildegardeae,0.9166666667,60
Zygodontomys brevicauda,0.9345947421,10993
Zygodontomys brunneus,0.9704142012,169
Zygogeomys trichopus,0.95,60
Zyzomys argurus,0.9243353783,4401
Zyzomys maini,0.9892086331,278
Zyzomys pedunculatus,0.9285714286,42
